{
  "total": {
    "trades": 266,
    "wins": 149,
    "losses": 117,
    "ties": 0,
    "win_rate": 0.5601503759398496,
    "avg_win": 0.0998411400671141,
    "avg_loss": 0.1472075402564102,
    "net_pnl": -2.3469523399999925,
    "gross_profit": 14.876329870000001,
    "gross_loss": 17.223282209999994,
    "profit_factor": 0.8637337348721296,
    "avg_return_pct": -0.001677232894551084
  },
  "window": {
    "trades": 50,
    "wins": 40,
    "losses": 10,
    "ties": 0,
    "win_rate": 0.8,
    "avg_win": 0.07784353475000001,
    "avg_loss": 0.20624610599999998,
    "net_pnl": 1.0512803300000004,
    "gross_profit": 3.1137413900000004,
    "gross_loss": 2.06246106,
    "profit_factor": 1.5097212986896347,
    "avg_return_pct": 0.004200032805858739
  }
}