{
  "total": {
    "trades": 182,
    "wins": 85,
    "losses": 97,
    "ties": 0,
    "win_rate": 0.46703296703296704,
    "avg_win": 0.11366557870588234,
    "avg_loss": 0.1383518418556701,
    "net_pnl": -3.758554469999998,
    "gross_profit": 9.66157419,
    "gross_loss": 13.420128659999998,
    "profit_factor": 0.7199315621166333,
    "avg_return_pct": -0.004022279797981251
  },
  "window": {
    "trades": 50,
    "wins": 25,
    "losses": 25,
    "ties": 0,
    "win_rate": 0.5,
    "avg_win": 0.09397802959999998,
    "avg_loss": 0.1369851092,
    "net_pnl": -1.075176990000001,
    "gross_profit": 2.3494507399999995,
    "gross_loss": 3.4246277300000005,
    "profit_factor": 0.6860455866249728,
    "avg_return_pct": -0.00421207665023554
  }
}