{
  "total": {
    "trades": 62,
    "wins": 35,
    "losses": 27,
    "ties": 0,
    "win_rate": 0.5645161290322581,
    "avg_win": 0.09356437971428574,
    "avg_loss": 0.11571823259259259,
    "net_pnl": 0.15036101000000102,
    "gross_profit": 3.274753290000001,
    "gross_loss": 3.12439228,
    "profit_factor": 1.0481248820650655,
    "avg_return_pct": 0.00040585373191299713
  },
  "window": {
    "trades": 50,
    "wins": 25,
    "losses": 25,
    "ties": 0,
    "win_rate": 0.5,
    "avg_win": 0.0963116292,
    "avg_loss": 0.11429852479999997,
    "net_pnl": -0.4496723899999995,
    "gross_profit": 2.40779073,
    "gross_loss": 2.8574631199999994,
    "profit_factor": 0.8426323031598744,
    "avg_return_pct": -0.0017363361452260445
  }
}