{
  "total": {
    "trades": 205,
    "wins": 101,
    "losses": 104,
    "ties": 0,
    "win_rate": 0.4926829268292683,
    "avg_win": 0.10866143118811881,
    "avg_loss": 0.1405621940384615,
    "net_pnl": -3.643663629999997,
    "gross_profit": 10.97480455,
    "gross_loss": 14.618468179999997,
    "profit_factor": 0.7507492860992774,
    "avg_return_pct": -0.003440481249985701
  },
  "window": {
    "trades": 50,
    "wins": 27,
    "losses": 23,
    "ties": 0,
    "win_rate": 0.54,
    "avg_win": 0.08256425703703706,
    "avg_loss": 0.1468116395652174,
    "net_pnl": -1.1474327699999995,
    "gross_profit": 2.2292349400000004,
    "gross_loss": 3.37666771,
    "profit_factor": 0.6601878335253784,
    "avg_return_pct": -0.0040766303832295335
  }
}