{
  "total": {
    "trades": 188,
    "wins": 87,
    "losses": 101,
    "ties": 0,
    "win_rate": 0.4627659574468085,
    "avg_win": 0.2767375198850575,
    "avg_loss": 0.2543387218811882,
    "net_pnl": -1.612046680000006,
    "gross_profit": 24.076164230000003,
    "gross_loss": 25.68821091000001,
    "profit_factor": 0.9372456616131074,
    "avg_return_pct": 3.636793739191892e-05
  },
  "window": {
    "trades": 50,
    "wins": 18,
    "losses": 32,
    "ties": 0,
    "win_rate": 0.36,
    "avg_win": 0.27379002888888887,
    "avg_loss": 0.2718724975,
    "net_pnl": -3.7716993999999993,
    "gross_profit": 4.92822052,
    "gross_loss": 8.69991992,
    "profit_factor": 0.566467342839634,
    "avg_return_pct": -0.004158336503917791
  }
}