{
  "total": {
    "trades": 211,
    "wins": 105,
    "losses": 106,
    "ties": 0,
    "win_rate": 0.4976303317535545,
    "avg_win": 0.10803473495238096,
    "avg_loss": 0.14166152811320754,
    "net_pnl": -3.672474809999997,
    "gross_profit": 11.34364717,
    "gross_loss": 15.016121979999998,
    "profit_factor": 0.7554312082113229,
    "avg_return_pct": -0.0033634307796281135
  },
  "window": {
    "trades": 50,
    "wins": 28,
    "losses": 22,
    "ties": 0,
    "win_rate": 0.56,
    "avg_win": 0.0847315275,
    "avg_loss": 0.15112200181818183,
    "net_pnl": -0.9522012700000002,
    "gross_profit": 2.37248277,
    "gross_loss": 3.32468404,
    "profit_factor": 0.7135964625378356,
    "avg_return_pct": -0.003365856660171057
  }
}