{
  "model": {
    "learning_rate": 0.001,
    "weights": {
      "allocation_pct": -0.039618515589303266,
      "tp_pct": -0.23546603733610896,
      "sl_pct": -0.012635723038670653,
      "atr_skip_pct": 0.03891619631352343,
      "ema_period": 9.644123276336854,
      "weight_5m": -1.3540526578133476,
      "weight_15m": 0.27505847734545164,
      "weight_30m": -0.6352193957796792,
      "fallback_threshold_pct": -0.017685086773613492,
      "trend_filter_min_ema": -0.19990518004905045,
      "trend_filter_min_atr": -0.014640964136105276,
      "trend_filter_min_range_pct": -0.06380131705975435,
      "trend_filter_max_reversals": -1.6982439733892754,
      "trend_filter_range_lookback": 30.455831507047346,
      "trend_slope_window": 8.668574426551617,
      "trend_consistency_min_signals": -0.08219492769619513,
      "fallback_window": -7.533067749072371,
      "fallback_min_consecutive": 8.709337893488003,
      "fallback_min_atr": -0.21755627983100181,
      "fallback_max_ema": -0.013528013014641568,
      "atr_ratio": -0.0451513334767388,
      "ema_aggregate": -24.20608391063543,
      "is_long": -9.554257504033409,
      "is_short": 9.771511104140796,
      "trend_range_pct": -0.1870317733696444,
      "trend_reversals": -2.1728429271418577,
      "holding_minutes": -9.97375434841077,
      "score_threshold": -14.354612444493283,
      "score_ema_weight": -6.871166155835331,
      "score_range_weight": -5.776067415187047,
      "score_atr_weight": -4.122938641739474,
      "score_reversal_penalty": -5.014736157804727,
      "score_atr_ceiling": -35.96521223701315,
      "candidate_score": -43.993277404950305
    },
    "bias": -0.04098613154419187
  },
  "feature_means": {
    "allocation_pct": 0.030707052484644545,
    "tp_pct": 0.142882848790642,
    "sl_pct": 0.026868793192054003,
    "atr_skip_pct": 0.07237165590636634,
    "ema_period": 8.30781865666369,
    "weight_5m": 3.186618720241975,
    "weight_15m": 1.9056055840632442,
    "weight_30m": 0.7296303199654335,
    "fallback_threshold_pct": 0.018927050197904798,
    "trend_filter_min_ema": 0.12153464232518565,
    "trend_filter_min_atr": 0.010155476389465649,
    "trend_filter_min_range_pct": 0.031048842337092552,
    "trend_filter_max_reversals": 6.5388830792328765,
    "trend_filter_range_lookback": 13.593366004805922,
    "trend_slope_window": 3.502211733871207,
    "trend_consistency_min_signals": 1.9998251530913531,
    "fallback_window": 2.831872534007187,
    "fallback_min_consecutive": 2.50203688696256,
    "fallback_min_atr": 0.14084881668327015,
    "fallback_max_ema": 0.023513511329796847,
    "atr_ratio": 0.016002899530693098,
    "ema_aggregate": -0.5927544652539403,
    "is_long": 0.3742087835948033,
    "is_short": 0.48316621640519675,
    "trend_range_pct": 0.06688007614606543,
    "trend_reversals": 4.1248429531194635,
    "holding_minutes": 15.897498267531784,
    "score_threshold": 2.1207650897868837,
    "score_ema_weight": 0.9470858617934673,
    "score_range_weight": 0.8609711166057724,
    "score_atr_weight": 0.5683399473268039,
    "score_reversal_penalty": 0.7387970867430153,
    "score_atr_ceiling": 5.331031129901476,
    "candidate_score": 6.77732824657116
  },
  "total_trades": 205,
  "trades_since_update": 0,
  "last_candidate_time": "2025-09-30T02:01:08.340986+00:00"
}