{
  "model": {
    "learning_rate": 0.001,
    "weights": {
      "allocation_pct": -0.02994326848779945,
      "tp_pct": -0.22730162674807233,
      "sl_pct": 0.004147023663180783,
      "atr_skip_pct": 0.06192095375836072,
      "ema_period": 12.043058162654747,
      "weight_5m": -0.2553778347229835,
      "weight_15m": 0.9451724933247023,
      "weight_30m": -0.36007253087849733,
      "fallback_threshold_pct": -0.012037651346237417,
      "trend_filter_min_ema": -0.1978489501464923,
      "trend_filter_min_atr": -0.011213914298508288,
      "trend_filter_min_range_pct": -0.062430497124715566,
      "trend_filter_max_reversals": 0.3579859291689169,
      "trend_filter_range_lookback": 33.88288134464433,
      "trend_slope_window": 9.696689377830712,
      "trend_consistency_min_signals": 0.6032150398232023,
      "fallback_window": -6.504952797793276,
      "fallback_min_consecutive": 9.394747861007401,
      "fallback_min_atr": 0.10112508456714198,
      "fallback_max_ema": 0.035273176672739534,
      "atr_ratio": -0.03506490948720323,
      "ema_aggregate": -24.952146208813026,
      "is_long": -9.270837300079897,
      "is_short": 10.1059072021112,
      "trend_range_pct": -0.1467409131320177,
      "trend_reversals": 0.17290076937091592,
      "holding_minutes": -7.0648269630519875,
      "score_threshold": -13.583274685575882,
      "score_ema_weight": -6.566111084296456,
      "score_range_weight": -5.458520746990132,
      "score_atr_weight": -3.939842678181132,
      "score_reversal_penalty": -4.747237440026111,
      "score_atr_ceiling": -34.01614926722147,
      "candidate_score": -39.5459337504699
    },
    "bias": 0.30171885221550687
  },
  "feature_means": {
    "allocation_pct": 0.030051391010333463,
    "tp_pct": 0.10916133815915367,
    "sl_pct": 0.028251613297835997,
    "atr_skip_pct": 0.0709823040258884,
    "ema_period": 7.961366888921562,
    "weight_5m": 3.19172410343602,
    "weight_15m": 1.9187877866788734,
    "weight_30m": 0.7490315753184017,
    "fallback_threshold_pct": 0.01827854184832274,
    "trend_filter_min_ema": 0.09092857865950386,
    "trend_filter_min_atr": 0.010114289433079853,
    "trend_filter_min_range_pct": 0.023883384652790905,
    "trend_filter_max_reversals": 6.3961285815391165,
    "trend_filter_range_lookback": 12.641454210180388,
    "trend_slope_window": 3.369171772945445,
    "trend_consistency_min_signals": 1.9998714714553527,
    "fallback_window": 2.8764108631573526,
    "fallback_min_consecutive": 2.369043244400798,
    "fallback_min_atr": 0.34987487385581156,
    "fallback_max_ema": 0.05500750627365272,
    "atr_ratio": 0.016358830799746458,
    "ema_aggregate": -0.5126018452185079,
    "is_long": 0.39961720159618547,
    "is_short": 0.445540317503424,
    "trend_range_pct": 0.061655506305823955,
    "trend_reversals": 3.8466460424397955,
    "holding_minutes": 12.74565800319057,
    "score_threshold": 2.15519490806897,
    "score_ema_weight": 0.9320001763009206,
    "score_range_weight": 0.8783538260369264,
    "score_atr_weight": 0.5593137472696262,
    "score_reversal_penalty": 0.749858036962931,
    "score_atr_ceiling": 5.425407258535459,
    "candidate_score": 6.293521909215804
  },
  "total_trades": 211,
  "trades_since_update": 6,
  "last_candidate_time": "2025-09-30T02:01:08.340986+00:00"
}