{
  "model": {
    "learning_rate": 0.0015,
    "weights": {
      "allocation_pct": 1882.3385400170366,
      "tp_pct": 4606.590259762774,
      "sl_pct": 2130.5229098914897,
      "atr_skip_pct": 5037.950753495041,
      "ema_period": 357170.0203676749,
      "weight_5m": 149539.78808646585,
      "weight_15m": 136475.21175648362,
      "weight_30m": 56582.5234127767,
      "fallback_threshold_pct": 2451.9690761004986,
      "min_notional_buffer_pct": 1190.5487728758717,
      "trend_filter_min_ema": 619.7769152841248,
      "trend_filter_min_atr": 609.7117359532531,
      "trend_filter_min_range_pct": 85.5547908884005,
      "trend_filter_max_reversals": 275707.52902670833,
      "trend_filter_range_lookback": 357151.8313254233,
      "trend_slope_window": 81475.58215974021,
      "trend_consistency_min_signals": -15624.914648111706,
      "fallback_window": 216156.83161795672,
      "fallback_min_consecutive": 59529.383915999024,
      "fallback_min_atr": 383.3934429225483,
      "fallback_max_ema": 272.3676051983298,
      "score_threshold": 111967.95628160604,
      "score_ema_weight": 58216.46118780104,
      "score_range_weight": 61173.29056792625,
      "score_atr_weight": 47670.580365121714,
      "score_reversal_penalty": 45823.82009072295,
      "score_atr_ceiling": 173989.30855540314,
      "candidate_score": -566533.2330582715,
      "atr_ratio": 2847.9168345966045,
      "ema_aggregate": -2131258.8040375146,
      "is_long": 35206.8613609338,
      "is_short": 24320.57728285982,
      "trend_range_pct": 5355.744496773558,
      "trend_reversals": -42578.83081974758,
      "holding_minutes": 30975.84648667747
    },
    "bias": 59527.43864379354
  },
  "feature_means": {
    "allocation_pct": 0.030507950505481676,
    "tp_pct": 0.09597324518626753,
    "sl_pct": 0.03798636922366334,
    "atr_skip_pct": 0.08002781176159669,
    "ema_period": 6.333347546104277,
    "weight_5m": 2.6412740527500143,
    "weight_15m": 2.045665165287518,
    "weight_30m": 0.9432136797596811,
    "fallback_threshold_pct": 0.039079060591292424,
    "min_notional_buffer_pct": 0.02,
    "trend_filter_min_ema": 0.008692361814248827,
    "trend_filter_min_atr": 0.014988766550929898,
    "trend_filter_min_range_pct": 0.003310696548332713,
    "trend_filter_max_reversals": 3.9135869062814073,
    "trend_filter_range_lookback": 6.454611940633118,
    "trend_slope_window": 2.1359122475820325,
    "trend_consistency_min_signals": 1.4362693209576567,
    "fallback_window": 2.7009021167354264,
    "fallback_min_consecutive": 1.1649687934893778,
    "fallback_min_atr": 0.007499723412836,
    "fallback_max_ema": 0.003942966074731268,
    "score_threshold": 1.6270187684593367,
    "score_ema_weight": 0.9789631681934883,
    "score_range_weight": 0.9010048047047181,
    "score_atr_weight": 0.7420765778531574,
    "score_reversal_penalty": 0.7655897995614747,
    "score_atr_ceiling": 3.831000002588545,
    "candidate_score": 14.503820047456074,
    "atr_ratio": 0.02866037969800394,
    "ema_aggregate": -0.6887162490923512,
    "is_long": 0.49519055183056837,
    "is_short": 0.5048094481694317,
    "trend_range_pct": 0.10140966843001528,
    "trend_reversals": 1.9341999622955481,
    "holding_minutes": 13.199447563057518
  },
  "total_trades": 188,
  "trades_since_update": 2,
  "last_candidate_time": "2025-10-10T22:45:25.187622+00:00"
}