{
  "model": {
    "learning_rate": 0.001,
    "weights": {
      "allocation_pct": -0.0027084827511980928,
      "tp_pct": -0.002430383581298586,
      "sl_pct": -0.002018881004718307,
      "atr_skip_pct": -0.007334066958651148,
      "ema_period": -0.7190105393596522,
      "weight_5m": -0.3347034700873641,
      "weight_15m": -0.186761782537401,
      "weight_30m": -0.07446110877432431,
      "fallback_threshold_pct": -0.0020354919808818293,
      "atr_ratio": -0.0018423664860973139,
      "ema_aggregate": 0.4068211966559112,
      "is_long": 0.0014833754490394657,
      "is_short": -0.12190412509127442,
      "holding_minutes": 0.5409453040894839
    },
    "bias": -0.11381125230183028
  },
  "feature_means": {
    "allocation_pct": 0.0344079798639929,
    "tp_pct": 0.0201989923353707,
    "sl_pct": 0.020130617389378862,
    "atr_skip_pct": 0.06871642227012778,
    "ema_period": 7.403765342341619,
    "weight_5m": 2.9648102088545922,
    "weight_15m": 1.7863567609496862,
    "weight_30m": 0.7942549300357803,
    "fallback_threshold_pct": 0.022790606168685907,
    "atr_ratio": 0.014298342714065248,
    "ema_aggregate": -1.323874817725495,
    "is_long": 0.33659967525455115,
    "is_short": 0.6134003247454488,
    "holding_minutes": 15.651387908107788
  },
  "total_trades": 62,
  "trades_since_update": 18,
  "last_candidate_time": "2025-09-26T04:58:38.395256+00:00"
}