{
  "model": {
    "learning_rate": 0.001,
    "weights": {
      "allocation_pct": 0.11482263788705781,
      "tp_pct": 0.05989104657896786,
      "sl_pct": 0.1179387814375399,
      "atr_skip_pct": 0.3973252076366756,
      "ema_period": 48.313477267539774,
      "weight_5m": 15.127066145224497,
      "weight_15m": 10.208902857890036,
      "weight_30m": 3.319446983682821,
      "fallback_threshold_pct": 0.072538216131594,
      "trend_filter_min_ema": 0.04031393672935405,
      "trend_filter_min_atr": 0.03726253676754399,
      "trend_filter_min_range_pct": 0.005336617539185575,
      "trend_filter_max_reversals": 30.517301595651055,
      "trend_filter_range_lookback": 87.18514977195098,
      "trend_slope_window": 24.12561671467825,
      "trend_consistency_min_signals": 10.222499931054895,
      "fallback_window": 7.923974539054268,
      "fallback_min_consecutive": 19.0140327522391,
      "fallback_min_atr": 0.06308885263180448,
      "fallback_max_ema": 0.04013441759475361,
      "atr_ratio": 0.015904071688619324,
      "ema_aggregate": -6.137322021720199,
      "is_long": -2.792135969751155,
      "is_short": 7.903497267582512,
      "trend_range_pct": 0.12807973332575326,
      "trend_reversals": 22.148548755246107,
      "holding_minutes": -175.8676575529404,
      "score_threshold": -3.7235970651767234,
      "score_ema_weight": -1.8617985325883617,
      "score_range_weight": -1.48943882607069,
      "score_atr_weight": -1.1170791195530172,
      "score_reversal_penalty": -1.3032589728118533,
      "score_atr_ceiling": -9.30899266294181,
      "candidate_score": -8.865293971235623
    },
    "bias": 5.111361297831355
  },
  "feature_means": {
    "allocation_pct": 0.02547199461132246,
    "tp_pct": 0.017443329645842172,
    "sl_pct": 0.02510776855768383,
    "atr_skip_pct": 0.06908272155373477,
    "ema_period": 8.120932054240017,
    "weight_5m": 3.1874320675643917,
    "weight_15m": 1.9631031325222121,
    "weight_30m": 0.7837138520964687,
    "fallback_threshold_pct": 0.018040844513974707,
    "trend_filter_min_ema": 0.007397810356145149,
    "trend_filter_min_atr": 0.01004826859998487,
    "trend_filter_min_range_pct": 0.0032594433530888866,
    "trend_filter_max_reversals": 6.186222725025073,
    "trend_filter_range_lookback": 15.422950312004415,
    "trend_slope_window": 4.633969455728933,
    "trend_consistency_min_signals": 1.9994311273733987,
    "fallback_window": 2.4529893955607722,
    "fallback_min_consecutive": 3.6334005831023326,
    "fallback_min_atr": 0.01100120375328739,
    "fallback_max_ema": 0.006106769449119819,
    "atr_ratio": 0.0156644760033543,
    "ema_aggregate": -1.1751695431270368,
    "is_long": 0.2739602172249372,
    "is_short": 0.7260397827750628,
    "trend_range_pct": 0.07397973060997746,
    "trend_reversals": 5.137011260702564,
    "holding_minutes": 23.42198678935048,
    "score_threshold": 2.0,
    "score_ema_weight": 1.0,
    "score_range_weight": 0.8,
    "score_atr_weight": 0.6,
    "score_reversal_penalty": 0.7,
    "score_atr_ceiling": 5.0,
    "candidate_score": 7.340199684051875
  },
  "total_trades": 182,
  "trades_since_update": 23,
  "last_candidate_time": "2025-09-29T18:46:53.384995+00:00"
}