{
  "model": {
    "learning_rate": 0.001,
    "weights": {
      "allocation_pct": -0.058853438723052535,
      "tp_pct": -0.22426949662295256,
      "sl_pct": 0.013790127136912946,
      "atr_skip_pct": -0.011261065962450433,
      "ema_period": 4.47312794690016,
      "weight_5m": -3.7871321959997313,
      "weight_15m": -1.224841470941815,
      "weight_30m": -1.2274798544861132,
      "fallback_threshold_pct": -0.02978543913852365,
      "trend_filter_min_ema": -0.2042470913328175,
      "trend_filter_min_atr": -0.022230166183265152,
      "trend_filter_min_range_pct": -0.06684900379284793,
      "trend_filter_max_reversals": -6.228346821457963,
      "trend_filter_range_lookback": 22.449161453692422,
      "trend_slope_window": 6.517647662494051,
      "trend_consistency_min_signals": -1.706353870362534,
      "fallback_window": -9.798119173106715,
      "fallback_min_consecutive": 7.313428270775218,
      "fallback_min_atr": -0.8203696778537161,
      "fallback_max_ema": -0.10935608876051653,
      "atr_ratio": -0.02725269765527521,
      "ema_aggregate": 7.355103802102374,
      "is_long": -6.1996174290315045,
      "is_short": 6.264374806814772,
      "trend_range_pct": -0.010827485540917526,
      "trend_reversals": -9.65773816911047,
      "holding_minutes": 6.303356198635205,
      "score_threshold": -16.06955706324156,
      "score_ema_weight": -7.53926539147094,
      "score_range_weight": -6.472964194694471,
      "score_atr_weight": -4.5366723174487795,
      "score_reversal_penalty": -5.6078646383045045,
      "score_atr_ceiling": -40.18388621976207,
      "candidate_score": -7.204901824641772
    },
    "bias": -0.796003272888973
  },
  "feature_means": {
    "allocation_pct": 0.023833913547993617,
    "tp_pct": 0.023073739947658736,
    "sl_pct": 0.036589819215866654,
    "atr_skip_pct": 0.06626330464147923,
    "ema_period": 6.8100680157245,
    "weight_5m": 3.232286440809844,
    "weight_15m": 2.004224619336119,
    "weight_30m": 0.7695177575458816,
    "fallback_threshold_pct": 0.015846361174854877,
    "trend_filter_min_ema": 0.010648940904315429,
    "trend_filter_min_atr": 0.010091336897590125,
    "trend_filter_min_range_pct": 0.005243643224738533,
    "trend_filter_max_reversals": 6.02358492338084,
    "trend_filter_range_lookback": 11.145949886124313,
    "trend_slope_window": 2.7748095741787298,
    "trend_consistency_min_signals": 2.2471627273643504,
    "fallback_window": 2.992641681365649,
    "fallback_min_consecutive": 1.7748019217748912,
    "fallback_min_atr": 0.6803526287041247,
    "fallback_max_ema": 0.11188653030820168,
    "atr_ratio": 0.020570875338031192,
    "ema_aggregate": -0.5995950878654044,
    "is_long": 0.33301627495918285,
    "is_short": 0.6507837705317678,
    "trend_range_pct": 0.08346736198722511,
    "trend_reversals": 4.092610736382622,
    "holding_minutes": 14.729555797231189,
    "score_threshold": 2.2788361559580617,
    "score_ema_weight": 0.8840310605879406,
    "score_range_weight": 0.9178829377929263,
    "score_atr_weight": 0.558180555313578,
    "score_reversal_penalty": 0.7869516401009687,
    "score_atr_ceiling": 5.508553516920818,
    "candidate_score": 10.052255114612212
  },
  "total_trades": 266,
  "trades_since_update": 1,
  "last_candidate_time": "2025-09-30T07:42:31.526920+00:00",
  "experiment": {
    "candidate": {
      "allocation_pct": 0.02202,
      "tp_pct": 0.010325,
      "sl_pct": 0.025685,
      "atr_skip_pct": 0.059442,
      "fallback_threshold_pct": 0.018503,
      "ema_period": 7,
      "weight_5m": 3.457131,
      "weight_15m": 1.77631,
      "weight_30m": 0.949478,
      "trend_filter_min_ema": 0.007002,
      "trend_filter_min_atr": 0.005333,
      "trend_filter_min_range_pct": 0.006097,
      "trend_filter_max_reversals": 5,
      "trend_filter_range_lookback": 14,
      "trend_slope_window": 3,
      "trend_consistency_min_signals": 3,
      "fallback_window": 3,
      "fallback_min_consecutive": 3,
      "fallback_min_atr": 0.06,
      "fallback_max_ema": 0.04,
      "score_threshold": 2.068203,
      "score_ema_weight": 1.074227,
      "score_range_weight": 0.944548,
      "score_atr_weight": 0.548455,
      "score_reversal_penalty": 0.717434,
      "score_atr_ceiling": 4.941881
    },
    "baseline_values": {
      "allocation_pct": 0.028232,
      "tp_pct": 0.011049999999999999,
      "sl_pct": 0.022804,
      "atr_skip_pct": 0.06712699999999999,
      "fallback_threshold_pct": 0.016479,
      "ema_period": 7,
      "weight_5m": 3.205891,
      "weight_15m": 1.955367,
      "weight_30m": 0.802868,
      "trend_filter_min_ema": 0.006,
      "trend_filter_min_atr": 0.01,
      "trend_filter_min_range_pct": 0.004,
      "trend_filter_max_reversals": 6,
      "trend_filter_range_lookback": 10,
      "trend_slope_window": 3,
      "trend_consistency_min_signals": 2,
      "fallback_window": 3,
      "fallback_min_consecutive": 2,
      "fallback_min_atr": 0.9299,
      "fallback_max_ema": 0.1424,
      "score_threshold": 2.250734,
      "score_ema_weight": 0.890139,
      "score_range_weight": 0.926589,
      "score_atr_weight": 0.534267,
      "score_reversal_penalty": 0.780551,
      "score_atr_ceiling": 5.687291
    },
    "baseline_avg_pnl": 0.022213575800000003,
    "baseline_snapshot": {
      "trades": 50,
      "wins": 40,
      "losses": 10,
      "ties": 0,
      "win_rate": 0.8,
      "avg_win": 0.07932849625,
      "avg_loss": 0.20624610599999998,
      "net_pnl": 1.1106787900000001,
      "gross_profit": 3.17313985,
      "gross_loss": 2.06246106,
      "profit_factor": 1.5385210957631366,
      "avg_return_pct": 0.004443847634547279
    },
    "start_time": "2025-09-30T07:42:31.526920+00:00",
    "start_trade_index": 265,
    "pnl": 0.05682295,
    "trades": [
      {
        "symbol": "XPLUSDT",
        "side": "Buy",
        "size": 5.0,
        "entry_price": 1.1294,
        "exit_price": 1.1168,
        "realized_pnl": 0.05682295,
        "notional": 5.648499999999999,
        "opened_at": "2025-09-30T07:22:07.759147+00:00",
        "closed_at": "2025-09-30T07:47:03.084000+00:00",
        "holding_seconds": 1495.324853,
        "order_id": "f7432831-224b-4561-bb91-cd1022d5bc4a",
        "close_id": "2aedca61-dc89-4580-a646-5442f4eb24e9",
        "return_pct": 0.010059830043374348,
        "metadata": {
          "context": {
            "symbol": "XPLUSDT",
            "trend": {
              "method": "ema",
              "ema_scores": {
                "5m": -0.783037,
                "15m": -0.268294,
                "30m": -0.323462
              },
              "ema_aggregate": -1.374793,
              "ema_positive": 0,
              "ema_negative": 3,
              "ema_window": 3,
              "consistency_min_signals": 2,
              "direction": "Short"
            },
            "atr_ratio": 0.010268212799858402,
            "requirement": "high",
            "candles": {
              "5m": 30,
              "15m": 40,
              "30m": 20
            },
            "allocation_pct": 0.028232,
            "atr_skip_pct": 0.06712699999999999,
            "ema_period": 7,
            "weight_5m": 3.205891,
            "weight_15m": 1.955367,
            "weight_30m": 0.802868,
            "fallback_threshold_pct": 0.016479,
            "trend_filter": {
              "ema_aggregate": -1.374793,
              "atr_ratio": 0.010268,
              "range_pct": 0.03169,
              "reversals": 3,
              "ema_positive": 0,
              "ema_negative": 3,
              "ema_window": 3,
              "score": 2.367046
            },
            "trend_filter_min_ema": 0.006,
            "trend_filter_min_atr": 0.01,
            "trend_filter_min_range_pct": 0.004,
            "trend_filter_max_reversals": 6,
            "trend_filter_range_lookback": 10,
            "trend_slope_window": 3,
            "trend_consistency_min_signals": 2,
            "fallback_window": 3,
            "fallback_min_consecutive": 2,